Run,Position,Scale,Rotation,Opacity,Hash,MLP,Total Storage (MB),SSIM,PSNR,LPIPS
bicycle_n_128_l_4,13.29732,9.977597999999999,9.979134,4.43244,25.19984,0.114688,63.00102,0.7213487029075623,24.665729522705078,0.28571853041648865
bonsai_n_128_l_4,3.532656,2.6541,2.655636,1.177552,25.19984,0.114688,35.334472,0.9368595480918884,32.083465576171875,0.19481313228607178
bicycle_n_32_l_8,12.796656,9.6021,9.603636000000002,4.265552,25.19984,0.018432,61.48621599999999,0.7084898948669434,24.302087783813477,0.3018835484981537
bonsai_n_32_l_8,3.53877,2.6586855000000003,2.6602215,1.17959,25.19984,0.018432,35.25553899999999,0.931000292301178,31.376447677612305,0.20195429027080536
