Run,Position,Scale,Rotation,Opacity,Hash,MLP,Total Storage (MB),SSIM,PSNR,LPIPS
bicycle_mlp_1_n_64_l_2,13.370958,10.032826499999999,10.0343625,4.456986,25.19984,0.016384,63.111357,0.7233546376228333,24.74249267578125,0.28453654050827026
bonsai_mlp_1_n_64_l_2,3.565632,2.6788320000000003,2.680368,1.188544,25.19984,0.016384,35.3296,0.9369797706604004,31.978057861328125,0.1933738738298416
bicycle_mlp_2_n_64_l_2,13.4124,10.063908,10.065444000000001,4.4708,25.19984,0.032768,63.24515999999999,0.7228325009346008,24.707382202148438,0.2852277457714081
bonsai_mlp_2_n_64_l_2,3.557898,2.6730315,2.6745674999999998,1.185966,25.19984,0.032768,35.324070999999996,0.9355159401893616,31.825403213500977,0.19429920613765717
